002,?????????????
004,??????????????
006,?????????????
011,?????????????
014,????????????????
025,???????????????????
069,??????????????????????
022,???????????????????
067,????????????
065,???????????
024,????????????
071,???????????????????????????
073,???????????????? ??????
070,?????????????? (???)
098,???????????????????????????????????????????????????
034,????????????????????????????????????
035,??????????????????????????????????????????
030,????????????
033,????????????????????
066,?????????????????????????
026,?????????? ???????????
052,??????????????????? (???)
079,??????????????? (???)
080,?????????????? ?????? ?????? (???)
017,????????????????
,
,
,
,
,
,
,
,
,
,
,
,
,
